{
    "taskDefinition": "customer-microservice:1",
    "cluster": "microservices-serverlesscluster",
    "loadBalancers": [
        {
            "targetGroupArn": "arn:aws:elasticloadbalancing:us-east-1:074823720564:targetgroup/customer-tg-two/036e6d28e8e866c9",
            "containerName": "customer",
            "containerPort": 8080
        }
    ],
    "desiredCount": 1,
    "launchType": "FARGATE",
    "schedulingStrategy": "REPLICA",
    "deploymentController": {
        "type": "CODE_DEPLOY"
    },
    "networkConfiguration": {
        "awsvpcConfiguration": {
            "subnets": [
                "subnet-009925ddd19b64ffd",
                "subnet-0cd0fccde8e377950"
            ],
            "securityGroups": [
                "sg-0eeef103ea4503f94"
            ],
            "assignPublicIp": "ENABLED"
        }
    }
}