{
    "containerDefinitions": [
        {
            "name": "employee",
            "image": "<IMAGE1_NAME>",
            "environment": [
                {
                    "name": "APP_DB_HOST",
                    "value": "supplierdb.crzlhzbjaxjd.us-east-1.rds.amazonaws.com"
                }
            ],
            "essential": true,
            "portMappings": [
                {
                    "hostPort": 8080,
                    "protocol": "tcp",
                    "containerPort": 8080
                }
            ],
            "logConfiguration": {
                "logDriver": "awslogs",
                "options": {
                    "awslogs-create-group": "true",
                    "awslogs-group": "awslogs-capstone",
                    "awslogs-region": "us-east-1",
                    "awslogs-stream-prefix": "awslogs-capstone"
                }
            }
        }
    ],
    "requiresCompatibilities": [
        "FARGATE"
    ],
    "networkMode": "awsvpc",
    "cpu": "512",
    "memory": "1024",
    "executionRoleArn": "arn:aws:iam::074823720564:role/PipelineRole",
    "family": "employee-microservice"
}