{"filter":false,"title":"create-customer-microservice-tg-two.json","tooltip":"/deployment/create-customer-microservice-tg-two.json","undoManager":{"mark":9,"position":9,"stack":[[{"start":{"row":0,"column":0},"end":{"row":28,"column":1},"action":"insert","lines":["{","    \"taskDefinition\": \"customer-microservice:REVISION-NUMBER\",","    \"cluster\": \"microservices-serverlesscluster\",","    \"loadBalancers\": [","        {","            \"targetGroupArn\": \"MICROSERVICE-TG-TWO-ARN\",","            \"containerName\": \"customer\",","            \"containerPort\": 8080","        }","    ],","    \"desiredCount\": 1,","    \"launchType\": \"FARGATE\",","    \"schedulingStrategy\": \"REPLICA\",","    \"deploymentController\": {","        \"type\": \"CODE_DEPLOY\"","    },","    \"networkConfiguration\": {","        \"awsvpcConfiguration\": {","            \"subnets\": [","                \"PUBLIC-SUBNET-1-ID\",","                \"PUBLIC-SUBNET-2-ID\"","            ],","            \"securityGroups\": [","                \"SECURITY-GROUP-ID\"","            ],","            \"assignPublicIp\": \"ENABLED\"","        }","    }","}"],"id":1}],[{"start":{"row":1,"column":59},"end":{"row":1,"column":60},"action":"remove","lines":["R"],"id":2},{"start":{"row":1,"column":58},"end":{"row":1,"column":59},"action":"remove","lines":["E"]},{"start":{"row":1,"column":57},"end":{"row":1,"column":58},"action":"remove","lines":["B"]},{"start":{"row":1,"column":56},"end":{"row":1,"column":57},"action":"remove","lines":["M"]},{"start":{"row":1,"column":55},"end":{"row":1,"column":56},"action":"remove","lines":["U"]},{"start":{"row":1,"column":54},"end":{"row":1,"column":55},"action":"remove","lines":["N"]},{"start":{"row":1,"column":53},"end":{"row":1,"column":54},"action":"remove","lines":["-"]},{"start":{"row":1,"column":52},"end":{"row":1,"column":53},"action":"remove","lines":["N"]},{"start":{"row":1,"column":51},"end":{"row":1,"column":52},"action":"remove","lines":["O"]},{"start":{"row":1,"column":50},"end":{"row":1,"column":51},"action":"remove","lines":["I"]},{"start":{"row":1,"column":49},"end":{"row":1,"column":50},"action":"remove","lines":["S"]},{"start":{"row":1,"column":48},"end":{"row":1,"column":49},"action":"remove","lines":["I"]},{"start":{"row":1,"column":47},"end":{"row":1,"column":48},"action":"remove","lines":["V"]}],[{"start":{"row":1,"column":46},"end":{"row":1,"column":47},"action":"remove","lines":["E"],"id":3},{"start":{"row":1,"column":45},"end":{"row":1,"column":46},"action":"remove","lines":["R"]}],[{"start":{"row":1,"column":45},"end":{"row":1,"column":46},"action":"insert","lines":["1"],"id":4}],[{"start":{"row":5,"column":31},"end":{"row":5,"column":54},"action":"remove","lines":["MICROSERVICE-TG-TWO-ARN"],"id":5},{"start":{"row":5,"column":31},"end":{"row":5,"column":127},"action":"insert","lines":["arn:aws:elasticloadbalancing:us-east-1:074823720564:targetgroup/customer-tg-two/036e6d28e8e866c9"]}],[{"start":{"row":19,"column":17},"end":{"row":19,"column":35},"action":"remove","lines":["PUBLIC-SUBNET-1-ID"],"id":6},{"start":{"row":19,"column":17},"end":{"row":19,"column":41},"action":"insert","lines":["subnet-009925ddd19b64ffd"]}],[{"start":{"row":20,"column":17},"end":{"row":20,"column":35},"action":"remove","lines":["PUBLIC-SUBNET-2-ID"],"id":7},{"start":{"row":20,"column":17},"end":{"row":20,"column":41},"action":"insert","lines":["subnet-0cd0fccde8e377950"]}],[{"start":{"row":23,"column":17},"end":{"row":23,"column":34},"action":"remove","lines":["SECURITY-GROUP-ID"],"id":8},{"start":{"row":23,"column":17},"end":{"row":23,"column":18},"action":"insert","lines":["v"]}],[{"start":{"row":23,"column":17},"end":{"row":23,"column":18},"action":"remove","lines":["v"],"id":9}],[{"start":{"row":23,"column":17},"end":{"row":23,"column":37},"action":"insert","lines":["sg-0eeef103ea4503f94"],"id":10}]]},"ace":{"folds":[],"scrolltop":0,"scrollleft":0,"selection":{"start":{"row":0,"column":0},"end":{"row":28,"column":1},"isBackwards":false},"options":{"guessTabSize":true,"useWrapMode":false,"wrapToView":true},"firstLineState":{"row":7,"state":"start","mode":"ace/mode/json"}},"timestamp":1720254169212,"hash":"b715f3f5a2d5ab3184cca988692c06c9bae6b99a"}