{"filter":false,"title":"create-employee-microservice-tg-two.json","tooltip":"/deployment/create-employee-microservice-tg-two.json","undoManager":{"mark":7,"position":7,"stack":[[{"start":{"row":0,"column":0},"end":{"row":28,"column":1},"action":"insert","lines":["{","    \"taskDefinition\": \"customer-microservice:1\",","    \"cluster\": \"microservices-serverlesscluster\",","    \"loadBalancers\": [","        {","            \"targetGroupArn\": \"arn:aws:elasticloadbalancing:us-east-1:074823720564:targetgroup/customer-tg-two/036e6d28e8e866c9\",","            \"containerName\": \"customer\",","            \"containerPort\": 8080","        }","    ],","    \"desiredCount\": 1,","    \"launchType\": \"FARGATE\",","    \"schedulingStrategy\": \"REPLICA\",","    \"deploymentController\": {","        \"type\": \"CODE_DEPLOY\"","    },","    \"networkConfiguration\": {","        \"awsvpcConfiguration\": {","            \"subnets\": [","                \"subnet-009925ddd19b64ffd\",","                \"subnet-0cd0fccde8e377950\"","            ],","            \"securityGroups\": [","                \"sg-0eeef103ea4503f94\"","            ],","            \"assignPublicIp\": \"ENABLED\"","        }","    }","}"],"id":8}],[{"start":{"row":1,"column":23},"end":{"row":1,"column":44},"action":"remove","lines":["customer-microservice"],"id":9},{"start":{"row":1,"column":23},"end":{"row":1,"column":44},"action":"insert","lines":["employee-microservice"]}],[{"start":{"row":6,"column":36},"end":{"row":6,"column":37},"action":"remove","lines":["e"],"id":10}],[{"start":{"row":6,"column":36},"end":{"row":6,"column":37},"action":"remove","lines":["r"],"id":11}],[{"start":{"row":6,"column":35},"end":{"row":6,"column":36},"action":"remove","lines":["m"],"id":12},{"start":{"row":6,"column":34},"end":{"row":6,"column":35},"action":"remove","lines":["o"]},{"start":{"row":6,"column":33},"end":{"row":6,"column":34},"action":"remove","lines":["t"]},{"start":{"row":6,"column":32},"end":{"row":6,"column":33},"action":"remove","lines":["s"]},{"start":{"row":6,"column":31},"end":{"row":6,"column":32},"action":"remove","lines":["u"]},{"start":{"row":6,"column":30},"end":{"row":6,"column":31},"action":"remove","lines":["c"]}],[{"start":{"row":6,"column":30},"end":{"row":6,"column":38},"action":"insert","lines":["employee"],"id":13}],[{"start":{"row":5,"column":31},"end":{"row":5,"column":127},"action":"remove","lines":["arn:aws:elasticloadbalancing:us-east-1:074823720564:targetgroup/customer-tg-two/036e6d28e8e866c9"],"id":14}],[{"start":{"row":5,"column":31},"end":{"row":5,"column":127},"action":"insert","lines":["arn:aws:elasticloadbalancing:us-east-1:074823720564:targetgroup/employee-tg-two/54c20f6e82d5f47f"],"id":15}]]},"ace":{"folds":[],"scrolltop":276.5,"scrollleft":0,"selection":{"start":{"row":25,"column":39},"end":{"row":25,"column":39},"isBackwards":false},"options":{"guessTabSize":true,"useWrapMode":false,"wrapToView":true},"firstLineState":0},"timestamp":1720254423247,"hash":"5bd8492685fa75a19e7f03fc30371df8c9aabcea"}