{"filter":false,"title":"taskdef-customer.1.json","tooltip":"/deployment/taskdef-customer.1.json","undoManager":{"mark":0,"position":0,"stack":[[{"start":{"row":3,"column":21},"end":{"row":3,"column":29},"action":"remove","lines":["customer"],"id":2,"ignore":true},{"start":{"row":3,"column":21},"end":{"row":3,"column":29},"action":"insert","lines":["employee"]},{"start":{"row":4,"column":22},"end":{"row":4,"column":30},"action":"remove","lines":["customer"]},{"start":{"row":4,"column":22},"end":{"row":4,"column":30},"action":"insert","lines":["employee"]},{"start":{"row":37,"column":15},"end":{"row":37,"column":23},"action":"remove","lines":["customer"]},{"start":{"row":37,"column":15},"end":{"row":37,"column":23},"action":"insert","lines":["employee"]}]]},"ace":{"folds":[],"scrolltop":426.5,"scrollleft":0,"selection":{"start":{"row":0,"column":0},"end":{"row":0,"column":0},"isBackwards":false},"options":{"guessTabSize":true,"useWrapMode":false,"wrapToView":true},"firstLineState":{"row":27,"state":"start","mode":"ace/mode/json"}},"timestamp":1720249579050,"hash":"a63a8dc6ea025239fb7245cd4432b6e07ecf7c03"}