{"filter":false,"title":"taskdef-employee.json","tooltip":"/deployment/taskdef-employee.json","undoManager":{"mark":10,"position":10,"stack":[[{"start":{"row":0,"column":0},"end":{"row":38,"column":1},"action":"insert","lines":["{","    \"containerDefinitions\": [","        {","            \"name\": \"customer\",","            \"image\": \"customer\",","            \"environment\": [","                {","                    \"name\": \"APP_DB_HOST\",","                    \"value\": \"supplierdb.crzlhzbjaxjd.us-east-1.rds.amazonaws.com\"","                }","            ],","            \"essential\": true,","            \"portMappings\": [","                {","                    \"hostPort\": 8080,","                    \"protocol\": \"tcp\",","                    \"containerPort\": 8080","                }","            ],","            \"logConfiguration\": {","                \"logDriver\": \"awslogs\",","                \"options\": {","                    \"awslogs-create-group\": \"true\",","                    \"awslogs-group\": \"awslogs-capstone\",","                    \"awslogs-region\": \"us-east-1\",","                    \"awslogs-stream-prefix\": \"awslogs-capstone\"","                }","            }","        }","    ],","    \"requiresCompatibilities\": [","        \"FARGATE\"","    ],","    \"networkMode\": \"awsvpc\",","    \"cpu\": \"512\",","    \"memory\": \"1024\",","    \"executionRoleArn\": \"arn:aws:iam::074823720564:role/PipelineRole\",","    \"family\": \"customer-microservice\"","}"],"id":1}],[{"start":{"row":3,"column":28},"end":{"row":3,"column":29},"action":"remove","lines":["r"],"id":2},{"start":{"row":3,"column":27},"end":{"row":3,"column":28},"action":"remove","lines":["e"]},{"start":{"row":3,"column":26},"end":{"row":3,"column":27},"action":"remove","lines":["m"]},{"start":{"row":3,"column":25},"end":{"row":3,"column":26},"action":"remove","lines":["o"]},{"start":{"row":3,"column":24},"end":{"row":3,"column":25},"action":"remove","lines":["t"]},{"start":{"row":3,"column":23},"end":{"row":3,"column":24},"action":"remove","lines":["s"]},{"start":{"row":3,"column":22},"end":{"row":3,"column":23},"action":"remove","lines":["u"]},{"start":{"row":3,"column":21},"end":{"row":3,"column":22},"action":"remove","lines":["c"]}],[{"start":{"row":3,"column":21},"end":{"row":3,"column":22},"action":"insert","lines":["e"],"id":3},{"start":{"row":3,"column":22},"end":{"row":3,"column":23},"action":"insert","lines":["m"]},{"start":{"row":3,"column":23},"end":{"row":3,"column":24},"action":"insert","lines":["p"]},{"start":{"row":3,"column":24},"end":{"row":3,"column":25},"action":"insert","lines":["l"]},{"start":{"row":3,"column":25},"end":{"row":3,"column":26},"action":"insert","lines":["o"]},{"start":{"row":3,"column":26},"end":{"row":3,"column":27},"action":"insert","lines":["y"]},{"start":{"row":3,"column":27},"end":{"row":3,"column":28},"action":"insert","lines":["e"]},{"start":{"row":3,"column":28},"end":{"row":3,"column":29},"action":"insert","lines":["e"]}],[{"start":{"row":4,"column":22},"end":{"row":4,"column":30},"action":"remove","lines":["customer"],"id":4}],[{"start":{"row":4,"column":22},"end":{"row":4,"column":30},"action":"insert","lines":["employee"],"id":5}],[{"start":{"row":37,"column":22},"end":{"row":37,"column":23},"action":"remove","lines":["r"],"id":6},{"start":{"row":37,"column":21},"end":{"row":37,"column":22},"action":"remove","lines":["e"]},{"start":{"row":37,"column":20},"end":{"row":37,"column":21},"action":"remove","lines":["m"]},{"start":{"row":37,"column":19},"end":{"row":37,"column":20},"action":"remove","lines":["o"]},{"start":{"row":37,"column":18},"end":{"row":37,"column":19},"action":"remove","lines":["t"]},{"start":{"row":37,"column":17},"end":{"row":37,"column":18},"action":"remove","lines":["s"]},{"start":{"row":37,"column":16},"end":{"row":37,"column":17},"action":"remove","lines":["u"]}],[{"start":{"row":37,"column":15},"end":{"row":37,"column":16},"action":"remove","lines":["c"],"id":7}],[{"start":{"row":37,"column":15},"end":{"row":37,"column":23},"action":"insert","lines":["employee"],"id":8}],[{"start":{"row":4,"column":32},"end":{"row":5,"column":0},"action":"insert","lines":["",""],"id":9},{"start":{"row":5,"column":0},"end":{"row":5,"column":12},"action":"insert","lines":["            "]}],[{"start":{"row":5,"column":12},"end":{"row":5,"column":37},"action":"insert","lines":["\"image\": \"<IMAGE1_NAME>\","],"id":10}],[{"start":{"row":4,"column":0},"end":{"row":5,"column":0},"action":"remove","lines":["            \"image\": \"employee\",",""],"id":11}]]},"ace":{"folds":[],"scrolltop":0,"scrollleft":0,"selection":{"start":{"row":4,"column":0},"end":{"row":4,"column":0},"isBackwards":false},"options":{"guessTabSize":true,"useWrapMode":false,"wrapToView":true},"firstLineState":0},"timestamp":1720250224877,"hash":"42a6faa2418d912eda187b1ebd09897cf9b51d8e"}