{"filter":false,"title":"taskdef-customer.json","tooltip":"/deployment/taskdef-customer.json","undoManager":{"mark":9,"position":9,"stack":[[{"start":{"row":0,"column":0},"end":{"row":38,"column":1},"action":"insert","lines":["{","    \"containerDefinitions\": [","        {","            \"name\": \"customer\",","            \"image\": \"customer\",","            \"environment\": [","                {","                    \"name\": \"APP_DB_HOST\",","                    \"value\": \"<RDS-ENDPOINT>\"","                }","            ],","            \"essential\": true,","            \"portMappings\": [","                {","                    \"hostPort\": 8080,","                    \"protocol\": \"tcp\",","                    \"containerPort\": 8080","                }","            ],","            \"logConfiguration\": {","                \"logDriver\": \"awslogs\",","                \"options\": {","                    \"awslogs-create-group\": \"true\",","                    \"awslogs-group\": \"awslogs-capstone\",","                    \"awslogs-region\": \"us-east-1\",","                    \"awslogs-stream-prefix\": \"awslogs-capstone\"","                }","            }","        }","    ],","    \"requiresCompatibilities\": [","        \"FARGATE\"","    ],","    \"networkMode\": \"awsvpc\",","    \"cpu\": \"512\",","    \"memory\": \"1024\",","    \"executionRoleArn\": \"arn:aws:iam::<ACCOUNT-ID>:role/PipelineRole\",","    \"family\": \"customer-microservice\"","}"],"id":1}],[{"start":{"row":36,"column":49},"end":{"row":36,"column":50},"action":"remove","lines":[">"],"id":2},{"start":{"row":36,"column":48},"end":{"row":36,"column":49},"action":"remove","lines":["D"]},{"start":{"row":36,"column":47},"end":{"row":36,"column":48},"action":"remove","lines":["I"]},{"start":{"row":36,"column":46},"end":{"row":36,"column":47},"action":"remove","lines":["-"]},{"start":{"row":36,"column":45},"end":{"row":36,"column":46},"action":"remove","lines":["T"]},{"start":{"row":36,"column":44},"end":{"row":36,"column":45},"action":"remove","lines":["N"]},{"start":{"row":36,"column":43},"end":{"row":36,"column":44},"action":"remove","lines":["U"]},{"start":{"row":36,"column":42},"end":{"row":36,"column":43},"action":"remove","lines":["O"]},{"start":{"row":36,"column":41},"end":{"row":36,"column":42},"action":"remove","lines":["C"]},{"start":{"row":36,"column":40},"end":{"row":36,"column":41},"action":"remove","lines":["C"]},{"start":{"row":36,"column":39},"end":{"row":36,"column":40},"action":"remove","lines":["A"]}],[{"start":{"row":36,"column":38},"end":{"row":36,"column":39},"action":"remove","lines":["<"],"id":3}],[{"start":{"row":36,"column":38},"end":{"row":36,"column":50},"action":"insert","lines":["074823720564"],"id":4}],[{"start":{"row":8,"column":43},"end":{"row":8,"column":44},"action":"remove","lines":[">"],"id":5},{"start":{"row":8,"column":42},"end":{"row":8,"column":43},"action":"remove","lines":["T"]},{"start":{"row":8,"column":41},"end":{"row":8,"column":42},"action":"remove","lines":["N"]},{"start":{"row":8,"column":40},"end":{"row":8,"column":41},"action":"remove","lines":["I"]},{"start":{"row":8,"column":39},"end":{"row":8,"column":40},"action":"remove","lines":["O"]},{"start":{"row":8,"column":38},"end":{"row":8,"column":39},"action":"remove","lines":["P"]},{"start":{"row":8,"column":37},"end":{"row":8,"column":38},"action":"remove","lines":["D"]},{"start":{"row":8,"column":36},"end":{"row":8,"column":37},"action":"remove","lines":["N"]},{"start":{"row":8,"column":35},"end":{"row":8,"column":36},"action":"remove","lines":["E"]},{"start":{"row":8,"column":34},"end":{"row":8,"column":35},"action":"remove","lines":["-"]},{"start":{"row":8,"column":33},"end":{"row":8,"column":34},"action":"remove","lines":["S"]},{"start":{"row":8,"column":32},"end":{"row":8,"column":33},"action":"remove","lines":["D"]},{"start":{"row":8,"column":31},"end":{"row":8,"column":32},"action":"remove","lines":["R"]}],[{"start":{"row":8,"column":30},"end":{"row":8,"column":31},"action":"remove","lines":["<"],"id":6}],[{"start":{"row":8,"column":30},"end":{"row":8,"column":81},"action":"insert","lines":["supplierdb.crzlhzbjaxjd.us-east-1.rds.amazonaws.com"],"id":7}],[{"start":{"row":4,"column":32},"end":{"row":5,"column":0},"action":"insert","lines":["",""],"id":8},{"start":{"row":5,"column":0},"end":{"row":5,"column":12},"action":"insert","lines":["            "]}],[{"start":{"row":5,"column":12},"end":{"row":5,"column":37},"action":"insert","lines":["\"image\": \"<IMAGE1_NAME>\","],"id":9}],[{"start":{"row":4,"column":0},"end":{"row":5,"column":0},"action":"remove","lines":["            \"image\": \"customer\",",""],"id":10}]]},"ace":{"folds":[],"scrolltop":0,"scrollleft":0,"selection":{"start":{"row":4,"column":0},"end":{"row":4,"column":0},"isBackwards":false},"options":{"guessTabSize":true,"useWrapMode":false,"wrapToView":true},"firstLineState":0},"timestamp":1720250227653,"hash":"b6d26d83e224f1a5b1d01f482e85c035c5b9f8f6"}